[
    {
    "id": "1",
    "products": [
        {
        "id": "1",
        "quantity": 2
        },
        {
        "id": "3",
        "quantity": 2
        }
    ]
    },
    {
    "id": "2",
    "products": [
        {
        "id": "2",
        "quantity": 3
        },
        {
        "id": "5",
        "quantity": 1
        }
    ]
    },
    {
    "id": "3",
    "products": [
        {
        "id": "4",
        "quantity": 1
        },
        {
        "id": "6",
        "quantity": 2
        },
        {
        "id": "8",
        "quantity": 4
        }
    ]
    }
]