[
  {
    "title": "Blue Ocean",
    "description": "Mandala radial azul con detalles amarillos.",
    "price": 500,
    "thumbnails": "https://res.cloudinary.com/dhjlbf6xs/image/upload/v5678571633/MandalaApp/Mandalas/2_ijzggh.jpg",
    "code": "0102",
    "stock": 5,
    "id": "1"
  },
  {
    "title": "Multicolor Portal",
    "description": "Mandala radial multicolor que evoca movimiento.",
    "price": 800,
    "thumbnails": "https://res.cloudinary.com/dhjlbf6xs/image/upload/v1678571633/MandalaApp/Mandalas/4_cje6tk.jpg",
    "code": "0304",
    "stock": 5,
    "id": "2"
  },
  {
    "title": "Geometric Conflict",
    "description": "Mandala geométrico con zonas radiales que muestra con colores, separaciones entre sus distintas zonas.",
    "price": 1000,
    "thumbnails": "https://res.cloudinary.com/dhjlbf6xs/image/upload/v1678571633/MandalaApp/Mandalas/7_wuv31m.jpg",
    "code": "0506",
    "stock": 5,
    "id": "3"
  },
  {
    "title": "Kaleidoscopic Stained Glass",
    "description": "Mandala radial que simula la estética de un vitral.",
    "price": 500,
    "thumbnails": "https://res.cloudinary.com/dhjlbf6xs/image/upload/v1678571633/MandalaApp/Mandalas/8_e7q7nf.jpg",
    "code": "0708",
    "stock": 5,
    "id": "4"
  },
  {
    "title": "Forest Secret",
    "description": "Mandala radial que evoca a los colores del bosque.",
    "price": 1000,
    "thumbnails": "https://res.cloudinary.com/dhjlbf6xs/image/upload/v1678571633/MandalaApp/Mandalas/9_vcptip.jpg",
    "code": "0910",
    "stock": 1,
    "id": "5"
  },
  {
    "title": "Groovy Moons Clashing",
    "description": "Mandalas radiales interceptados que evocan la imagen de cuerpos celestiales colisionando.",
    "price": 1000,
    "thumbnails": "https://res.cloudinary.com/dhjlbf6xs/image/upload/v1678571632/MandalaApp/Mandalas/3_ntybfx.jpg",
    "code": "1112",
    "stock": 5,
    "id": "6"
  },
  {
    "title": "Christmas Star",
    "description": "Mandala radial que evoca con sus colores rojos y verdes un ambiente navideño coronado por una estrella azul en su centro.",
    "price": 800,
    "thumbnails": "https://res.cloudinary.com/dhjlbf6xs/image/upload/v1678571632/MandalaApp/Mandalas/5_taynah.jpg",
    "code": "1314",
    "stock": 3,
    "id": "7"
  },
  {
    "title": "Ying Yang Frenzy",
    "description": "Mandala geométrico que representa el famoso símbolo del Ying Yang y lo complementa con vibrantes colores.",
    "price": 800,
    "thumbnails": "https://res.cloudinary.com/dhjlbf6xs/image/upload/v1678571632/MandalaApp/Mandalas/1_kv2t5x.jpg",
    "code": "1516",
    "stock": 3,
    "id": "8"
  },
  {
    "title": "Fallen Leaves",
    "description": "Mandala radial que representa con ricos colores verdes y amarillo a un grupo de hojas y flores que evocan sentimientos de paz con la naturaleza.",
    "price": 800,
    "thumbnails": "https://res.cloudinary.com/dhjlbf6xs/image/upload/v1678571632/MandalaApp/Mandalas/6_hy3lrw.jpg",
    "code": "1718",
    "stock": 3,
    "id": "9"
  },
  {
    "title": "Fallen Yang Star",
    "description": "Mandala geométrico que representa el famoso símbolo del Ying Yang y lo complementa con vibrantes colores.",
    "price": 700,
    "thumbnails": "https://res.cloudinary.com/dhjlbf6xs/image/upload/v1678571632/MandalaApp/Mandalas/6_hy3lrw.jpg",
    "code": "1920",
    "stock": 4,
    "id": "10"
  }
]
